{"dist_coeff": [[-0.38828784953674167, 0.058293321109724565, 0.003936776463362288, 0.0007360604847772614, 0.9245863756178571]], "reprojection_error": 0.5632282086834383, "camera_matrix": [[917.3637640242779, 0.0, 331.2289244498897], [0.0, 922.2555992211289, 244.35227091407114], [0.0, 0.0, 1.0]]}